zip_code,project_status,planning_neighborhood,lead_agency,general_housing_program,specific_program_area,project_type,housing_tenure,project_lead_sponsor,total_project_units,mohcd_affordable_units,%_affordable,sro_units,studio_units,1bd_units,2bd_units,3bd_units,4bd_units,5+_bd_units,mobility_units,family_units,senior_units,tay_units,homeless_units,disabled_units,losp_units,public_housing_replacement_units,20%_ami,30%_ami,40%_ami,50%_ami,55%_ami,60%_ami,80%_ami,90%_ami,100%_ami,105%_ami,110%_ami,120%_ami,130%_ami,150%_ami,ami_undeclared
94102,Building Rehabilitation (Pre-Construction),Downtown/Civic Center,MOHCD,Inclusionary Housing,Bond Financed Inclusionary Housing,Rehabilitation,Rental,Tenderloin Neighborhood Development Corporation (TNDC),80,80,100,0,0,22,33,20,5,0,8,80,0,0,0,0,0,0,0,0,0,0,0,28,45,0,0,0,0,0,0,0,7
94102,Building Rehabilitation (Pre-Construction),Downtown/Civic Center,MOHCD,MOHCD 100% Affordable,Multifamily Rental Program,Rehabilitation,Rental,Chinatown Community Development Center,91,91,100,89,0,2,0,0,0,0,0,0,0,0,10,0,0,0,0,0,0,91,0,0,0,0,0,0,0,0,0,0,0
94102,Building Rehabilitation (Pre-Construction),Downtown/Civic Center,MOHCD,MOHCD Preservation,Big Sites Program,Rehabilitation,Rental,Swords to Plowshares,62,62,100,62,0,0,0,0,0,0,0,0,0,0,0,0,0,0,0,0,0,0,0,0,62,0,0,0,0,0,0,0,0
94102,Building Rehabilitation (Pre-Construction),Downtown/Civic Center,MOHCD/HSH,MOHCD 100% Affordable,HSH Homekey,Rehabilitation,Rental,Five Keys School and Programs,106,106,100,106,0,0,0,0,0,0,0,0,0,0,106,0,106,0,0,53,0,0,0,53,0,0,0,0,0,0,0,0,0
94102,Construction,Downtown/Civic Center,MOHCD,Inclusionary Housing,Inclusionary Housing Program,New Construction,Ownership,"469 Eddy Street, LLC",28,3,11,0,0,1,2,0,0,0,0,0,0,0,0,0,0,0,0,0,0,0,0,0,0,3,0,0,0,0,0,0,0
94102,Construction,Downtown/Civic Center,MOHCD,Inclusionary Housing,Inclusionary Housing Program,New Construction,Ownership,Eddie Tsang,37,4,11,0,0,2,2,0,0,0,0,4,0,0,0,0,0,0,0,0,0,0,0,0,0,0,4,0,0,0,0,0,0
94102,Construction,Downtown/Civic Center,MOHCD,Inclusionary Housing,Inclusionary Housing Program,New Construction,Ownership,Geary Place LLC,52,6,12,0,1,3,2,0,0,0,0,6,0,0,0,0,0,0,0,0,0,0,0,0,0,6,0,0,0,0,0,0,0
94102,Construction,Downtown/Civic Center,MOHCD,Inclusionary Housing,Inclusionary Housing Program,New Construction,Ownership,Lendlease,333,83,25,0,7,24,40,12,0,0,0,0,0,0,0,0,0,0,0,0,0,0,0,0,33,0,0,17,0,0,33,0,0
94102,Construction,Downtown/Civic Center,MOHCD,Inclusionary Housing,Inclusionary Housing Program,New Construction,Rental,450 O'Farrell Partners LLC,176,23,13,0,5,9,9,0,0,0,0,23,0,0,0,0,0,0,0,0,0,0,23,0,0,0,0,0,0,0,0,0,0
94102,Construction,Downtown/Civic Center,MOHCD,Inclusionary Housing,Inclusionary Housing Program,New Construction,Rental,Elevation Architects,69,10,14,0,0,9,1,0,0,0,0,10,0,0,0,0,0,0,0,0,0,0,10,0,0,0,0,0,0,0,0,0,0
94102,Construction,Downtown/Civic Center,MOHCD,Inclusionary Housing,Inclusionary Housing Program,New Construction,Rental,"Reuben, Junius & Rose, LLP",168,24,14,0,11,8,5,0,0,0,0,24,0,0,0,0,0,0,0,0,0,0,24,0,0,0,0,0,0,0,0,0,0
94102,Construction,Downtown/Civic Center,MOHCD,MOHCD 100% Affordable,Multifamily Rental Program,New Construction,Rental,Mercy Housing CA,112,110,98,0,79,0,31,0,0,0,17,0,0,0,0,28,0,0,0,0,0,30,0,24,56,0,0,0,0,0,0,0,0
94102,Construction,Downtown/Civic Center,MOHCD,MOHCD 100% Affordable,Multifamily Rental Program,New Construction,Rental,MidPen Housing,167,165,99,0,56,23,38,48,0,0,0,165,0,0,0,0,0,0,0,33,40,29,0,29,4,0,0,0,0,0,30,0,0
94102,Construction,Western Addition,MOHCD,Inclusionary Housing,Inclusionary Housing Program,New Construction,Rental,DDG 235 Valencia Realty LLC,24,3,13,0,2,1,0,0,0,0,0,0,0,0,0,0,0,0,0,0,0,0,3,0,0,0,0,0,0,0,0,0,0
94102,Construction,Western Addition,MOHCD,Inclusionary Housing,Inclusionary Housing Program,New Construction,Rental,Warner Schmalz,100,12,12,0,1,5,4,2,0,0,0,12,0,0,0,0,0,0,0,0,0,0,12,0,0,0,0,0,0,0,0,0,0
94102,Construction,Western Addition,MOHCD,MOHCD 100% Affordable,Multifamily Rental Program,New Construction,Rental,Tenderloin Neighborhood Development Corporation (TNDC),64,64,100,0,58,5,0,1,0,0,10,0,0,32,32,0,32,0,0,32,0,4,0,27,0,0,0,0,0,1,0,0,0
94102,Pre-Construction,Downtown/Civic Center,MOHCD,Inclusionary Housing,Inclusionary Housing Program,New Construction,Ownership,JS Sullivan Development,88,13,15,0,2,8,3,0,0,0,0,0,0,0,0,0,0,0,0,0,0,0,0,0,8,0,0,3,0,0,2,0,0
94102,Pre-Construction,Downtown/Civic Center,MOHCD,Inclusionary Housing,Inclusionary Housing Program,New Construction,Rental,"J. Abrams Law, PC",345,69,20,0,0,0,0,0,0,0,0,0,0,0,0,0,0,0,0,0,0,69,0,0,0,0,0,0,0,0,0,0,0
94102,Pre-Construction,Downtown/Civic Center,MOHCD,Inclusionary Housing,Inclusionary Housing Program,New Construction,Rental,S. Hekemian Group,196,29,15,0,17,0,12,0,0,0,0,0,0,0,0,0,0,0,0,0,0,0,17,0,6,0,0,0,6,0,0,0,0
94102,Pre-Construction,Downtown/Civic Center,MOHCD,Inclusionary Housing,Inclusionary Housing Program,New Construction,Rental,Sandhill O'Farrell LLC,111,22,20,0,0,7,12,3,0,0,0,0,0,0,0,0,0,0,0,0,0,0,13,0,4,0,0,0,5,0,0,0,0
94102,Pre-Construction,Downtown/Civic Center,MOHCD,MOHCD 100% Affordable,Multifamily Rental Program,New Construction,Rental,none_available,85,84,99,0,0,0,0,0,0,0,0,84,0,0,0,0,0,0,0,0,0,0,0,0,0,0,0,0,0,0,0,0,84
94102,Pre-Construction,Western Addition,MOHCD,Inclusionary Housing,Inclusionary Housing Program,New Construction,Ownership,March Capital Fund,40,10,25,0,0,6,4,0,0,0,0,0,0,0,0,0,0,0,0,0,0,0,0,0,7,0,0,1,0,0,2,0,0
94102,Pre-Construction,Western Addition,MOHCD,MOHCD 100% Affordable,Multifamily Rental Program,New Construction,Rental,The John Stewart Company,115,114,99,0,0,81,33,0,0,0,0,0,114,0,0,0,0,0,0,0,0,0,0,73,41,0,0,0,0,0,0,0,0
94103,Building Rehabilitation (Construction),Mission,MOHCD,MOHCD 100% Affordable,Multifamily Rental Program,Rehabilitation,Rental,Mission Housing Development Corporation,20,19,95,0,0,1,2,11,6,0,0,20,0,0,0,0,0,0,0,0,0,11,0,0,4,0,0,0,0,0,0,0,4
94103,Building Rehabilitation (Construction),Mission,MOHCD,MOHCD Preservation,Small Sites Program,Rehabilitation,Rental,San Francisco Housing Development Corporation,16,16,100,0,12,4,0,0,0,0,0,0,0,0,0,0,0,0,0,0,0,0,0,0,0,0,16,0,0,0,0,0,0
94103,Building Rehabilitation (Construction),South of Market,MOHCD,MOHCD 100% Affordable,Multifamily Securities Program,Rehabilitation,Rental,TODCO,140,140,100,126,14,0,0,0,0,0,14,0,0,0,64,0,30,0,30,0,0,0,0,110,0,0,0,0,0,0,0,0,0
94103,Building Rehabilitation (Pre-Construction),Mission,MOHCD,MOHCD Preservation,Big Sites Program,Rehabilitation,Rental,Mission Economic Development Agency,63,61,97,2,55,6,0,0,0,0,0,0,0,0,0,0,0,0,0,0,0,0,0,0,0,0,61,0,0,0,0,0,0
94103,Building Rehabilitation (Pre-Construction),South of Market,MOHCD,MOHCD 100% Affordable,Multifamily Rental Program,Rehabilitation,Rental,Mercy Housing CA,75,74,99,25,25,24,0,0,0,0,2,74,0,0,25,0,0,0,0,0,0,74,0,0,0,0,0,0,0,0,0,0,0
94103,Building Rehabilitation (Pre-Construction),South of Market,SFRA,MOHCD 100% Affordable,Multifamily Rental Program,Rehabilitation,Rental,Mercy Housing CA,76,75,99,75,0,0,0,0,0,0,0,0,0,0,0,0,0,0,0,0,0,75,0,0,0,0,0,0,0,0,0,0,0
94103,Construction,Mission,MOHCD,Inclusionary Housing,Inclusionary Housing Program,New Construction,Ownership,Keller Grover Properties,96,14,15,0,0,8,6,0,0,0,0,0,0,0,0,0,0,0,0,0,0,0,0,0,14,0,0,0,0,0,0,0,0
94103,Construction,Mission,MOHCD,Inclusionary Housing,Inclusionary Housing Program,New Construction,Ownership,"Reuben, Junius & Rose, LLP",40,7,18,0,0,4,3,0,0,0,0,7,0,0,0,0,0,0,0,0,0,0,0,0,0,7,0,0,0,0,0,0,0
94103,Construction,Mission,MOHCD,Inclusionary Housing,Inclusionary Housing Program,New Construction,Rental,Gerry Ramsey,11,1,9,0,0,1,0,0,0,0,0,1,0,0,0,0,0,0,0,0,0,0,1,0,0,0,0,0,0,0,0,0,0
94103,Construction,Mission,MOHCD,Inclusionary Housing,Inclusionary Housing Program,New Construction,Rental,SF AEC14 LLC,62,8,13,0,1,2,5,0,0,0,0,8,0,0,0,0,0,0,0,0,0,5,0,0,1,0,0,0,2,0,0,0,0
94103,Construction,Mission,MOHCD,MOHCD 100% Affordable,Multifamily Rental Program,New Construction,Rental,Mercy Housing CA,187,185,99,0,106,79,0,0,0,0,28,0,185,0,25,0,40,0,37,78,0,20,0,50,0,0,0,0,0,0,0,0,0
94103,Construction,South of Market,MOHCD,Inclusionary Housing,Inclusionary Housing Program,New Construction,Ownership,Goldman Architecture,33,4,12,0,0,2,2,0,0,0,0,4,0,0,0,0,0,0,0,0,0,0,0,0,0,4,0,0,0,0,0,0,0
94103,Construction,South of Market,MOHCD,Inclusionary Housing,Inclusionary Housing Program,New Construction,Ownership,Schaub Ly Architects,24,3,13,0,0,2,1,0,0,0,0,0,0,0,0,0,0,0,0,0,0,0,0,0,3,0,0,0,0,0,0,0,0
94103,Construction,South of Market,MOHCD,Inclusionary Housing,Inclusionary Housing Program,New Construction,Ownership,The International Land Group,19,3,16,0,2,1,0,0,0,0,0,0,0,0,0,0,0,0,0,0,0,0,0,0,0,3,0,0,0,0,0,0,0
94103,Construction,South of Market,MOHCD,Inclusionary Housing,Inclusionary Housing Program,New Construction,Rental,AGI Avant,299,64,21,0,16,33,12,3,0,0,0,64,0,0,0,0,0,0,0,0,0,0,61,0,0,3,0,0,0,0,0,0,0
94103,Construction,South of Market,MOHCD,Inclusionary Housing,Inclusionary Housing Program,New Construction,Rental,Jeffer Mangels Butler & Mitchell LLP,48,12,25,0,12,0,0,0,0,0,0,12,0,0,0,0,0,0,0,0,0,0,7,0,2,0,0,0,3,0,0,0,0
94103,Construction,South of Market,MOHCD,MOHCD 100% Affordable,Multifamily Rental Program,New Construction,Rental,The John Stewart Company (delete),95,94,99,0,30,64,0,0,0,0,45,0,94,0,24,0,24,0,0,8,0,10,0,40,36,0,0,0,0,0,0,0,0
94103,Pre-Construction,Mission,MOHCD,Inclusionary Housing,Inclusionary Housing Program,New Construction,Rental,Chris Elsey,189,32,17,0,0,0,0,0,0,0,0,0,0,0,0,0,0,0,0,0,0,19,0,0,7,0,0,0,6,0,0,0,0
94103,Pre-Construction,Mission,MOHCD,Inclusionary Housing,Inclusionary Housing Program,New Construction,Rental,Prime Design LLC,149,26,17,26,0,0,0,0,0,0,0,0,0,0,0,0,0,0,0,0,0,0,16,0,5,0,0,0,5,0,0,0,0
94103,Pre-Construction,Mission,MOHCD,MOHCD 100% Affordable,Multifamily Rental Program,New Construction,Rental,Mission Housing Development Corporation,136,136,100,0,89,47,0,0,0,0,0,0,0,0,136,0,0,0,0,68,0,68,0,0,0,0,0,0,0,0,0,0,0
94103,Pre-Construction,South of Market,MOHCD,Inclusionary Housing,Inclusionary Housing Program,New Construction,Ownership,"Dragonfly Assets C-54, LLC",20,2,10,0,0,1,1,0,0,0,0,2,0,0,0,0,0,0,0,0,0,0,0,0,0,2,0,0,0,0,0,0,0
94103,Pre-Construction,South of Market,MOHCD,Inclusionary Housing,Inclusionary Housing Program,New Construction,Ownership,RG Architecture,24,3,13,0,0,2,1,0,0,0,0,3,0,0,0,0,0,0,0,0,0,0,0,0,0,3,0,0,0,0,0,0,0
94103,Pre-Construction,South of Market,MOHCD,Inclusionary Housing,Inclusionary Housing Program,New Construction,Ownership,Sia Consulting Corp,57,13,23,13,0,0,0,0,0,0,0,0,0,0,0,0,0,0,0,0,0,0,0,0,7,0,0,3,0,0,3,0,0
94103,Pre-Construction,South of Market,MOHCD,Inclusionary Housing,Inclusionary Housing Program,New Construction,Rental,"828 Brannan Partners, LLC (c/o The S. Hekemian Group)",50,9,18,0,2,3,4,0,0,0,0,9,0,0,0,0,0,0,0,0,0,0,9,0,0,0,0,0,0,0,0,0,0
94103,Pre-Construction,South of Market,MOHCD,Inclusionary Housing,Inclusionary Housing Program,New Construction,Rental,Build Inc,495,66,13,0,26,19,13,8,0,0,0,0,0,0,0,0,0,0,0,0,0,38,0,0,14,0,0,0,14,0,0,0,0
94103,Pre-Construction,South of Market,MOHCD,Inclusionary Housing,Inclusionary Housing Program,New Construction,Rental,"Golden Properties, LLC",59,14,24,0,0,6,8,0,0,0,0,14,0,0,0,0,0,0,0,0,0,0,10,0,2,0,0,0,2,0,0,0,0
94103,Pre-Construction,South of Market,MOHCD,Inclusionary Housing,Inclusionary Housing Program,New Construction,Rental,John Jensen,266,109,41,109,0,0,0,0,0,0,0,0,0,0,0,0,0,0,0,0,0,0,22,0,79,3,0,0,5,0,0,0,0
94103,Pre-Construction,South of Market,MOHCD,Inclusionary Housing,Inclusionary Housing Program,New Construction,Rental,L37 Partners,231,34,15,0,9,12,12,1,0,0,0,0,0,0,0,0,0,0,0,0,0,20,0,0,7,0,0,0,7,0,0,0,0
94103,Pre-Construction,South of Market,MOHCD,Inclusionary Housing,Inclusionary Housing Program,New Construction,Rental,Nader Heydayian,96,17,18,17,0,0,0,0,0,0,0,0,0,0,0,0,0,0,0,0,0,0,9,0,4,0,0,0,4,0,0,0,0
94103,Pre-Construction,South of Market,MOHCD,Inclusionary Housing,Inclusionary Housing Program,New Construction,Rental,"Newbs 0168, LLC",37,7,19,0,3,1,3,0,0,0,0,7,0,0,0,0,0,0,0,0,0,0,0,0,1,0,0,3,0,0,3,0,0
94103,Pre-Construction,South of Market,MOHCD,Inclusionary Housing,Inclusionary Housing Program,New Construction,Rental,"SF Green Homes, LLC",57,8,14,0,3,1,4,0,0,0,0,8,0,0,0,0,0,0,0,0,0,5,0,0,1,0,0,0,2,0,0,0,0
94105,Construction,Financial District,MOHCD,Inclusionary Housing,Inclusionary Housing Program,New Construction,Ownership,Pacific Howard Corporation,69,10,14,0,0,3,5,2,0,0,0,10,0,0,0,0,0,0,0,0,0,0,0,0,0,10,0,0,0,0,0,0,0
94105,Construction,South of Market,OCII,MOHCD 100% Affordable,Multifamily Rental Program,New Construction,Rental,Chinatown Community Development Center,151,150,99,0,39,111,0,0,0,0,76,0,150,0,30,0,30,0,0,24,0,66,0,60,0,0,0,0,0,0,0,0,0
94105,Construction,South of Market,OCII,MOHCD 100% Affordable,Multifamily Rental Program,New Construction,Rental,Mercy Housing CA,184,182,99,0,17,75,53,37,0,0,28,142,0,0,40,0,40,0,0,32,14,32,0,68,36,0,0,0,0,0,0,0,0
94105,Pre-Construction,Financial District,MOHCD,Inclusionary Housing,Inclusionary Housing Program,New Construction,Rental,"J. Abrams Law, PC",334,50,15,0,0,0,0,0,0,0,0,50,0,0,0,0,0,0,0,0,0,0,0,0,0,0,0,0,0,0,0,0,50
94105,Pre-Construction,Financial District,MOHCD,Inclusionary Housing,Inclusionary Housing Program,New Construction,Rental,"Reuben, Junius & Rose, LLP",392,55,14,0,0,28,20,7,0,0,0,0,0,0,0,0,0,0,0,0,0,32,0,0,11,0,0,0,12,0,0,0,0
94105,Pre-Construction,Financial District,MOHCD/OCII,MOHCD 100% Affordable,Multifamily Rental Program,New Construction,Rental,Multiphase Project Sponsor not Assigned,125,124,99,0,0,0,0,0,0,0,0,0,124,0,0,0,25,0,0,0,0,0,0,0,0,0,0,0,0,0,0,0,124
94105,Pre-Construction,South of Market,MOHCD,Inclusionary Housing,Inclusionary Housing Program,New Construction,Rental,Hines Interests Ltd.,205,25,12,0,5,9,11,0,0,0,0,25,0,0,0,0,0,0,0,0,0,0,0,0,0,25,0,0,0,0,0,0,0
94105,Pre-Construction,South of Market,MOHCD,Inclusionary Housing,Inclusionary Housing Program,New Construction,Rental,"Reuben, Junius & Rose, LLP",144,19,13,0,8,3,8,0,0,0,0,19,0,0,0,0,0,0,0,0,0,0,19,0,0,0,0,0,0,0,0,0,0
94105,Pre-Construction,South of Market,OCII,Inclusionary Housing,OCII Inclusionary Rental Program,New Construction,Rental,Multiphase Project Sponsor not Assigned,340,102,30,0,0,0,0,0,0,0,0,0,0,0,0,0,0,0,0,0,0,0,0,0,0,0,0,0,0,0,0,0,51
94105,Pre-Construction,South of Market,OCII,MOHCD 100% Affordable,Multifamily Rental Program,New Construction,Rental,Multiphase Project Sponsor not Assigned,280,277,99,0,0,0,0,0,0,0,0,279,0,0,40,0,40,0,0,0,0,0,0,0,0,0,0,0,0,0,0,0,277
94107,Construction,Potrero Hill,MOHCD,Inclusionary Housing,Inclusionary Housing Program,New Construction,Ownership,"Heights Properties, LLP",28,3,11,0,0,0,3,0,0,0,0,3,0,0,0,0,0,0,0,0,0,0,0,0,0,3,0,0,0,0,0,0,0
94107,Construction,Potrero Hill,MOHCD,Inclusionary Housing,Inclusionary Housing Program,New Construction,Rental,Ciaran & Patrick Harty,64,9,14,0,2,3,3,1,0,0,0,9,0,0,0,0,0,0,0,0,0,6,0,0,1,0,0,0,2,0,0,0,0
94107,Construction,Potrero Hill,MOHCD,Inclusionary Housing,Inclusionary Housing Program,New Construction,Rental,"Potrero Partners, LLC",260,42,16,0,8,17,15,2,0,0,0,42,0,0,0,0,0,0,0,0,0,0,0,0,0,42,0,0,0,0,0,0,0
94107,Construction,Potrero Hill,MOHCD,MOHCD 100% Affordable,HOPE SF,New Construction,Rental,BRIDGE Housing,157,156,99,0,0,40,54,51,11,0,24,155,0,0,0,0,0,117,0,49,0,106,0,1,0,0,0,0,0,0,0,0,0
94107,Construction,South of Market,MOHCD,Inclusionary Housing,Inclusionary Housing Program,New Construction,Ownership,"Reuben, Junius & Rose, LLP",127,18,14,0,4,6,5,3,0,0,0,18,0,0,0,0,0,0,0,0,0,0,0,0,0,18,0,0,0,0,0,0,0
94107,Construction,South of Market,MOHCD,Inclusionary Housing,Inclusionary Housing Program,New Construction,Rental,"Reuben, Junius & Rose, LLP",619,87,13.666666666666666,0,5,5,6,0,0,0,0,16,0,0,0,0,0,0,0,0,0,46,16,0,16,0,0,0,16,0,0,0,0
94107,Construction,South of Market,MOHCD,MOHCD 100% Affordable,Multifamily Rental Program,New Construction,Rental,Related California,85,84,99,0,15,24,22,23,0,0,13,57,0,0,22,0,22,0,0,0,0,27,0,25,32,0,0,0,0,0,0,0,0
94107,Pre-Construction,Potrero Hill,MOHCD,Inclusionary Housing,Inclusionary Housing Program,New Construction,Ownership,"Reuben, Junius & Rose, LLP",110,17,15,0,3,7,6,1,0,0,0,17,0,0,0,0,0,0,0,0,0,0,0,0,0,17,0,0,0,0,0,0,0
94107,Pre-Construction,Potrero Hill,MOHCD,Inclusionary Housing,Inclusionary Housing Program,New Construction,Ownership,Workshop 1,21,3,14,0,0,1,2,0,0,0,0,3,0,0,0,0,0,0,0,0,0,0,0,0,0,3,0,0,0,0,0,0,0
94107,Pre-Construction,Potrero Hill,MOHCD,Inclusionary Housing,Inclusionary Housing Program,New Construction,Rental,TM Build LLC,25,6,24,0,1,1,4,0,0,0,0,0,0,0,0,0,0,0,0,0,0,0,2,0,2,0,0,0,2,0,0,0,0
94107,Pre-Construction,Potrero Hill,MOHCD,MOHCD 100% Affordable,Multifamily Rental Program,New Construction,Rental,Tenderloin Neighborhood Development Corporation (TNDC),120,119,99,0,50,0,39,30,0,0,12,119,0,0,60,0,60,0,0,60,0,18,0,27,14,0,0,0,0,0,0,0,0
94107,Pre-Construction,South of Market,MOHCD,Inclusionary Housing,Inclusionary Housing Program,New Construction,Ownership,Sergio Nibbi,15,2,13,0,0,1,1,0,0,0,0,2,0,0,0,0,0,0,0,0,0,0,0,0,0,0,2,0,0,0,0,0,0
94107,Pre-Construction,South of Market,MOHCD,Inclusionary Housing,Inclusionary Housing Program,New Construction,Rental,"560 Brannan Street, LLC",120,18,15,0,10,1,7,0,0,0,0,0,0,0,0,0,0,0,0,0,0,10,0,0,4,0,0,0,4,0,0,0,0
94107,Pre-Construction,South of Market,MOHCD,Inclusionary Housing,Inclusionary Housing Program,New Construction,Rental,"Reuben, Junius & Rose, LLP",524,84,16,0,15,48,21,0,0,0,0,0,0,0,0,0,0,0,0,0,0,49,0,0,17,0,0,0,18,0,0,0,0
94108,Pre-Construction,Chinatown,MOHCD,Inclusionary Housing,Inclusionary Housing Program,New Construction,Ownership,"Acme Development, LLC",32,5,16,0,0,0,0,0,0,0,0,0,0,0,0,0,0,0,0,0,0,0,0,0,5,0,0,0,0,0,0,0,0
94108,Pre-Construction,Nob Hill,MOHCD,Inclusionary Housing,Inclusionary Housing Program,New Construction,Ownership,"Leavitt Architecture, Inc.",21,3,14,0,0,1,2,0,0,0,0,0,0,0,0,0,0,0,0,0,0,0,0,0,3,0,0,0,0,0,0,0,0
94109,Building Rehabilitation (Construction),Downtown/Civic Center,MOHCD/HSH,MOHCD 100% Affordable,HSH Homekey,Rehabilitation,Rental,Episcopal Community Services,214,212,99,212,0,0,0,0,0,0,0,0,0,0,212,0,212,0,0,0,0,212,0,0,0,0,0,0,0,0,0,0,0
94109,Building Rehabilitation (Pre-Construction),Nob Hill,MOHCD,MOHCD 100% Affordable,Multifamily Rental Program,Rehabilitation,Rental,Chinatown Community Development Center,68,62,91,60,0,2,0,0,0,0,0,0,63,0,0,0,0,0,0,0,0,0,0,62,0,0,0,0,0,0,0,0,0
94109,Building Rehabilitation (Pre-Construction),Western Addition,MOHCD,MOHCD Preservation,Big Sites Program,Rehabilitation,Rental,Tenderloin Neighborhood Development Corporation (TNDC),108,108,100,0,78,30,0,0,0,0,0,0,0,0,0,0,0,0,0,0,0,0,0,0,0,0,108,0,0,0,0,0,0
94109,Construction,Marina,MOHCD,Inclusionary Housing,Inclusionary Housing Program,New Construction,Ownership,"Van Ness Terraces, LLC",60,18,30,0,0,11,7,0,0,0,0,18,0,0,0,0,0,0,0,0,0,0,0,0,6,0,0,6,0,0,6,0,0
94109,Construction,Nob Hill,MOHCD,Inclusionary Housing,Inclusionary Housing Program,New Construction,Rental,"1567 California, LLC",100,9,9,0,2,3,3,1,0,0,0,8,0,0,0,0,0,0,0,0,0,5,0,0,2,0,0,0,2,0,0,0,0
94109,Pre-Construction,Downtown/Civic Center,MOHCD,Inclusionary Housing,Inclusionary Housing Program,New Construction,Ownership,430 Eddy Associates LLC,23,3,13,0,3,0,0,0,0,0,0,3,0,0,0,0,0,0,0,0,0,0,0,0,0,3,0,0,0,0,0,0,0
94109,Pre-Construction,Downtown/Civic Center,MOHCD,Inclusionary Housing,Inclusionary Housing Program,New Construction,Ownership,Elevation Architects,12,1,8,0,0,0,1,0,0,0,0,1,0,0,0,0,0,0,0,0,0,0,0,0,1,0,0,0,0,0,0,0,0
94109,Pre-Construction,Downtown/Civic Center,MOHCD,Inclusionary Housing,Inclusionary Housing Program,New Construction,Ownership,"Reuben, Junius & Rose, LLP",21,3,14,0,3,0,0,0,0,0,0,3,0,0,0,0,0,0,0,0,0,0,0,0,3,0,0,0,0,0,0,0,0
94109,Pre-Construction,Downtown/Civic Center,MOHCD,Inclusionary Housing,Inclusionary Housing Program,New Construction,Rental,Julie Heinzler,221,35,16,0,13,8,14,0,0,0,0,0,0,0,0,0,0,0,0,0,0,5,18,0,6,0,0,0,6,0,0,0,0
94109,Pre-Construction,Downtown/Civic Center,MOHCD,Inclusionary Housing,Inclusionary Housing Program,New Construction,Rental,"Reuben, Junius & Rose, LLP",69,17,25,0,0,6,9,2,0,0,0,0,0,0,0,0,0,0,0,0,0,0,10,0,3,0,0,0,4,0,0,0,0
94109,Pre-Construction,Nob Hill,MOHCD,Inclusionary Housing,Inclusionary Housing Program,New Construction,Rental,1525 Pine Street Dev LLC,21,2,10,0,2,0,0,0,0,0,0,0,0,0,0,0,0,0,0,0,0,0,2,0,0,0,0,0,0,0,0,0,0
94109,Pre-Construction,Nob Hill,MOHCD,Inclusionary Housing,Inclusionary Housing Program,New Construction,Rental,Ian Birchall,63,11,17,0,0,8,2,1,0,0,0,0,0,0,0,0,0,0,0,0,0,0,6,0,2,0,0,0,3,0,0,0,0
94110,Building Rehabilitation (Construction),Mission,MOHCD,MOHCD Preservation,Small Sites Program,Rehabilitation,Rental,Mission Economic Development Agency,5,5,100,0,1,2,2,0,0,0,0,0,0,0,0,0,0,0,0,0,0,0,0,0,0,0,5,0,0,0,0,0,0
94110,Building Rehabilitation (Construction),Mission,MOHCD,MOHCD Preservation,Small Sites Program,Rehabilitation,Rental,San Francisco Community Land Trust,20,20,100,14,0,0,6,0,0,0,0,6,0,0,0,0,0,0,0,0,0,0,0,0,20,0,0,0,0,0,0,0,0
94110,Building Rehabilitation (Construction),Mission,SFRA,MOHCD 100% Affordable,Multifamily Rental Program,Rehabilitation,Rental,Bernal Heights Housing Corporation,9,9,100,0,6,3,0,0,0,0,0,9,0,0,9,0,0,0,0,0,0,9,0,0,0,0,0,0,0,0,0,0,0
94110,Building Rehabilitation (Pre-Construction),Mission,MOHCD,MOHCD Preservation,Big Sites Program,Rehabilitation,Rental,Mission Economic Development Agency,35,35,100,2,28,4,1,0,0,0,0,0,0,0,0,0,0,0,0,0,0,0,0,0,0,0,0,0,0,0,0,0,35
94110,Construction,Bernal Heights,MOHCD,MOHCD 100% Affordable,Multifamily Rental Program,New Construction,Rental,Bernal Heights Neighborhood Center,35,34,97,0,34,0,0,0,0,0,6,34,0,0,0,0,0,0,0,11,0,0,15,0,8,0,0,0,0,0,0,0,0
94110,Construction,Bernal Heights,MOHCD,MOHCD 100% Affordable,Multifamily Rental Program,New Construction,Rental,"Mercy Housing CA 108, LP",146,145,99,0,145,0,1,0,0,0,0,0,0,0,145,0,145,0,0,0,0,145,0,0,0,0,0,0,0,0,0,0,0
94110,Construction,Mission,MOHCD,Inclusionary Housing,Inclusionary Housing Program,New Construction,Ownership,Ian Birchall,35,1,3,0,0,1,0,0,0,0,0,0,0,0,0,0,0,0,0,0,0,0,0,0,0,1,0,0,0,0,0,0,0
94110,Construction,Mission,MOHCD,Inclusionary Housing,Inclusionary Housing Program,New Construction,Rental,Muhammad A. Nadhiri,117,19,16,0,4,8,7,0,0,0,0,19,0,0,0,0,0,0,0,0,0,0,19,0,0,0,0,0,0,0,0,0,0
94110,Construction,Mission,MOHCD,Inclusionary Housing,Inclusionary Housing Program,New Construction,Rental,"RRTI, Inc.",75,8,11,0,2,4,2,0,0,0,0,8,0,0,0,0,0,0,0,0,0,7,1,0,0,0,0,0,0,0,0,0,0
94110,Construction,Mission,MOHCD,Inclusionary Housing,Inclusionary Housing Program,New Construction,Rental,Y.A. Studio,18,2,11,0,0,1,1,0,0,0,0,0,0,0,0,0,0,0,0,0,0,0,2,0,0,0,0,0,0,0,0,0,0
94110,Construction,Mission,MOHCD,MOHCD 100% Affordable,Multifamily Rental Program,New Construction,Rental,Chinatown Community Development Center,168,167,99,0,15,32,76,44,0,0,27,120,0,0,42,0,42,0,0,40,19,15,0,0,93,0,0,0,0,0,0,0,0
94110,Pre-Construction,Mission,MOHCD,Inclusionary Housing,Inclusionary Housing Program,New Construction,Ownership,Riyad Ghannam,57,11,19,0,0,6,5,0,0,0,0,11,0,0,0,0,0,0,0,0,0,0,0,0,6,0,0,2,0,0,3,0,0
94110,Pre-Construction,Mission,MOHCD,Inclusionary Housing,Inclusionary Housing Program,New Construction,Ownership,Sternberg Benjamin Architects,18,18,100,0,6,4,7,1,0,0,0,0,0,0,0,0,0,0,0,0,0,0,0,0,0,0,0,0,0,0,0,0,18
94110,Pre-Construction,Mission,MOHCD,Inclusionary Housing,Inclusionary Housing Program,New Construction,Ownership,Steve Vettel,53,8,15,0,0,4,3,1,0,0,0,8,0,0,0,0,0,0,0,0,0,0,0,0,0,8,0,0,0,0,0,0,0
94110,Pre-Construction,Mission,MOHCD,Inclusionary Housing,Inclusionary Housing Program,New Construction,Rental,DM Development,168,23,14,0,9,5,9,0,0,0,0,0,0,0,0,0,0,0,0,0,0,14,0,0,4,0,0,0,5,0,0,0,0
94110,Pre-Construction,Mission,MOHCD,Inclusionary Housing,Inclusionary Housing Program,New Construction,Rental,"Reuben, Junius & Rose, LLP",24,3,13,0,0,2,1,0,0,0,0,3,0,0,0,0,0,0,0,0,0,3,0,0,0,0,0,0,0,0,0,0,0
94110,Pre-Construction,Mission,MOHCD,MOHCD 100% Affordable,Multifamily Rental Program,New Construction,Rental,Mercy Housing CA,74,73,99,0,0,36,32,6,0,0,12,74,0,0,37,0,37,0,0,0,0,54,0,15,4,0,0,0,0,0,0,0,0
94110,Pre-Construction,Mission,MOHCD,MOHCD 100% Affordable,Multifamily Rental Program,New Construction,Rental,Mission Economic Development Agency,99,98,99,0,26,13,34,25,0,0,0,0,0,0,24,0,0,0,0,0,0,0,0,98,0,0,0,0,0,0,0,0,0
94110,Pre-Construction,Mission,MOHCD,MOHCD 100% Affordable,Multifamily Rental Program,New Construction,Rental,Mission Housing Development Properties III,149,148,99,0,0,60,45,44,0,0,0,0,0,0,0,0,0,0,0,0,0,0,0,0,0,0,0,0,0,0,0,0,148
94110,Pre-Construction,Mission,MOHCD,Other Ownership Programs,BMR-Other,New Construction,Ownership,Mission Economic Development Agency,63,63,100,0,0,0,46,17,0,0,0,63,0,0,0,0,0,0,0,0,0,0,0,0,31,0,0,3,0,11,18,0,0
94112,Construction,West of Twin Peaks,MOHCD,MOHCD 100% Affordable,Multifamily Rental Program,New Construction,Rental,BRIDGE Housing,128,127,99,0,0,56,39,32,0,0,20,128,0,0,0,0,0,0,0,31,0,36,0,60,0,0,0,0,0,0,0,0,0
94112,Pre-Construction,Crocker Amazon,MOHCD,Inclusionary Housing,Inclusionary Housing Program,New Construction,Rental,Sia Consulting Corp,29,6,21,0,0,4,2,0,0,0,0,0,0,0,0,0,0,0,0,0,0,0,3,0,2,0,0,0,1,0,0,0,0
94112,Pre-Construction,Excelsior,MOHCD,Inclusionary Housing,Inclusionary Housing Program,New Construction,Ownership,"4199 Mission Street, LLC",40,12,30,0,0,4,7,1,0,0,0,0,0,0,0,0,0,0,0,0,0,0,0,0,4,0,0,4,0,0,4,0,0
94112,Pre-Construction,Outer Mission,MOHCD,Inclusionary Housing,Inclusionary Housing Program,New Construction,Rental,Jeremy Schaub,35,6,17,0,1,2,3,0,0,0,0,0,0,0,0,0,0,0,0,0,0,4,0,0,1,0,0,0,1,0,0,0,0
94112,Pre-Construction,Outer Mission,MOHCD,Inclusionary Housing,Inclusionary Housing Program,New Construction,Rental,Schaub Ly Architects,69,17,25,0,0,9,6,2,0,0,0,0,0,0,0,0,0,0,0,0,0,0,7,0,5,0,0,0,5,0,0,0,0
94112,Pre-Construction,Outer Mission,MOHCD,Inclusionary Housing,Inclusionary Housing Program,New Construction,Rental,Tortilla Flats LLC,24,3,13,0,0,2,0,1,0,0,0,0,0,0,0,0,0,0,0,0,0,0,0,0,0,0,0,0,0,0,0,0,3
94112,Pre-Construction,West of Twin Peaks,MOHCD,MOHCD 100% Affordable,Multifamily Rental Program,New Construction,Rental,BRIDGE Housing,159,157,99,0,17,46,53,41,0,0,16,157,0,0,0,0,0,0,0,0,40,0,0,39,78,0,0,0,0,0,0,0,0
94114,Building Rehabilitation (Construction),Noe Valley,MOHCD,MOHCD Preservation,Small Sites Program,Rehabilitation,Rental,San Francisco Community Land Trust,6,4,67,0,2,2,0,0,0,0,0,4,0,0,0,0,0,0,0,0,0,0,0,0,4,0,0,0,0,0,0,0,0
94114,Construction,Castro/Upper Market,MOHCD,Inclusionary Housing,Inclusionary Housing Program,New Construction,Rental,Sia Consulting Corp,25,5,20,0,0,3,2,0,0,0,0,5,0,0,0,0,0,0,0,0,0,0,3,0,1,0,0,0,1,0,0,0,0
94114,Pre-Construction,Castro/Upper Market,MOHCD,Inclusionary Housing,Inclusionary Housing Program,New Construction,Ownership,"Reuben, Junius & Rose, LLP",19,3,16,3,0,0,0,0,0,0,0,0,0,0,0,0,0,0,0,0,0,0,0,0,3,0,0,0,0,0,0,0,0
94114,Pre-Construction,Castro/Upper Market,MOHCD,Inclusionary Housing,Inclusionary Housing Program,New Construction,Ownership,Schaub Ly Architects,24,3,13,0,0,1,2,0,0,0,0,0,0,0,0,0,0,0,0,0,0,0,0,0,3,0,0,0,0,0,0,0,0
94114,Pre-Construction,Castro/Upper Market,MOHCD,Inclusionary Housing,Inclusionary Housing Program,New Construction,Rental,Ankrom Moisan Architects,91,13,14,0,8,0,5,0,0,0,0,0,0,0,0,0,0,0,0,0,0,9,0,0,1,0,0,0,3,0,0,0,0
94115,Building Rehabilitation (Construction),Western Addition,MOHCD,Temporary/Service Housing,Cooperative Living for Mental Health,Rehabilitation,Rental,"Conard House, Inc.",3,3,100,0,0,0,0,0,0,3,0,0,0,0,0,0,0,0,0,0,0,0,0,0,3,0,0,0,0,0,0,0,0
94115,Building Rehabilitation (Construction),Western Addition,MOHCD/SFRA,MOHCD 100% Affordable,Multifamily Rental Program,Rehabilitation,Rental,Bernal Heights Housing Corporation,7,7,100,0,0,1,5,1,0,0,0,7,0,0,7,0,0,0,0,0,0,7,0,0,0,0,0,0,0,0,0,0,0
94115,Pre-Construction,Pacific Heights,MOHCD,Inclusionary Housing,Inclusionary Housing Program,New Construction,Ownership,Gokovacandir LLC,24,3,13,0,0,0,0,0,0,0,0,0,0,0,0,0,0,0,0,0,0,0,0,0,3,0,0,0,0,0,0,0,0
94116,Pre-Construction,West of Twin Peaks,MOHCD,MOHCD 100% Affordable,Multifamily Rental Program,New Construction,Rental,Mission Housing Development Corporation,172,171,99,0,0,35,99,37,0,0,8,170,0,0,43,0,43,0,0,35,0,136,0,0,0,0,0,0,0,0,0,0,0
94117,Construction,Haight Ashbury,MOHCD,MOHCD 100% Affordable,Multifamily Rental Program,New Construction,Rental,Chinatown Community Development Center,160,159,99,0,35,42,42,40,0,0,32,127,0,20,32,0,32,0,40,16,0,36,0,39,28,0,0,0,0,0,0,0,0
94117,Pre-Construction,Western Addition,MOHCD,Inclusionary Housing,Inclusionary Housing Program,New Construction,Rental,Genesis CA Development LLC,184,37,20,0,18,4,15,0,0,0,0,37,0,0,0,0,0,0,0,0,0,0,23,0,7,0,0,0,7,0,0,0,0
94117,Pre-Construction,Western Addition,MOHCD,MOHCD 100% Affordable,Multifamily Rental Program,New Construction,Rental,Jonathan Rose Companies,107,106,99,0,27,26,27,26,0,0,0,106,0,0,24,0,0,0,9,0,0,97,0,0,0,0,0,0,0,0,0,0,0
94118,Building Rehabilitation (Construction),Inner Richmond,MOHCD,MOHCD Preservation,Small Sites Program,Rehabilitation,Rental,San Francisco Community Land Trust,6,6,100,0,1,2,3,0,0,0,0,6,0,0,0,0,0,0,0,0,0,0,0,0,6,0,0,0,0,0,0,0,0
94118,Construction,Inner Richmond,MOHCD,MOHCD 100% Affordable,Multifamily Rental Program,New Construction,Rental,Tenderloin Neighborhood Development Corporation (TNDC),98,97,99,0,41,56,0,0,0,0,49,0,97,0,20,0,20,0,35,15,0,47,0,0,0,0,0,0,0,0,0,0,0
94118,Pre-Construction,Presidio Heights,MOHCD,Inclusionary Housing,Inclusionary Housing Program,New Construction,Ownership,Elevation Architects,42,13,31,0,0,0,0,0,0,0,0,0,0,0,0,0,0,0,0,0,0,0,0,0,5,0,0,4,0,0,4,0,0
94118,Pre-Construction,Presidio Heights,MOHCD,Inclusionary Housing,Inclusionary Housing Program,New Construction,Rental,RG Architecture,95,22,23,0,15,0,7,0,0,0,0,22,0,0,0,0,0,0,0,0,0,0,22,0,0,0,0,0,0,0,0,0,0
94122,Construction,Outer Sunset,MOHCD,Inclusionary Housing,Inclusionary Housing Program,New Construction,Rental,"Leavitt Architecture, Inc.",20,5,25,0,0,3,2,0,0,0,0,5,0,0,0,0,0,0,0,0,0,0,2,0,2,0,0,0,1,0,0,0,0
94122,Construction,Outer Sunset,MOHCD,MOHCD 100% Affordable,Multifamily Rental Program,New Construction,Rental,Tenderloin Neighborhood Development Corporation (TNDC),90,89,99,0,9,33,23,24,0,0,20,89,0,0,22,0,22,0,0,32,17,15,0,13,12,0,0,0,0,0,0,0,0
94122,Pre-Construction,Outer Sunset,MOHCD,Inclusionary Housing,Inclusionary Housing Program,New Construction,Ownership,Kodorski Design Inc,41,10,24,0,0,7,3,0,0,0,0,0,0,0,0,0,0,0,0,0,4,0,0,0,0,0,0,3,0,0,3,0,0
94122,Pre-Construction,Outer Sunset,MOHCD,MOHCD 100% Affordable,Multifamily Rental Program,New Construction,Rental,Tenderloin Neighborhood Development Corporation (TNDC),199,197,99,0,88,105,4,0,0,0,0,0,197,0,99,0,0,0,20,0,0,177,0,0,0,0,0,0,0,0,0,0,0
94123,Construction,Bayview,MOHCD,Inclusionary Housing,Inclusionary Housing Program,New Construction,Rental,CTW Home Improvement Inc,21,4,19,0,0,2,1,1,0,0,0,0,0,0,0,0,0,0,0,0,0,0,2,0,1,0,0,0,1,0,0,0,0
94123,Pre-Construction,Bayview,MOHCD,Inclusionary Housing,Inclusionary Housing Program,New Construction,Ownership,Antrea Investments & Trading LLC,17,2,12,0,0,1,1,0,0,0,0,0,0,0,0,0,0,0,0,0,0,0,0,0,0,0,0,0,0,0,0,0,2
94123,Pre-Construction,Marina,MOHCD,Inclusionary Housing,Inclusionary Housing Program,New Construction,Rental,Prado Group,49,9,18,0,0,6,2,1,0,0,0,0,0,0,0,0,0,0,0,0,0,0,5,0,2,0,0,2,0,0,0,0,0
94124,Building Rehabilitation (Pre-Construction),Bayview,MOHCD,Temporary/Service Housing,Cooperative Living for Mental Health,Rehabilitation,Rental,Third Street Youth Center & Clinic,20,20,100,20,0,0,0,0,0,0,0,0,0,20,0,0,0,0,0,0,0,0,0,0,0,0,0,0,0,0,0,0,20
94124,Construction,Bayview,MOHCD,MOHCD 100% Affordable,HOPE SF,New Construction,Rental,The John Stewart Company,118,117,99,0,0,52,10,16,34,5,19,117,0,0,0,0,0,54,0,0,16,0,64,37,0,0,0,0,0,0,0,0,0
94124,Construction,Bayview,OCII,Inclusionary Housing,OCII Inclusionary Rental Program,New Construction,Ownership,none_available,8,2,25,0,0,0,1,0,0,0,0,0,0,0,0,0,0,0,0,0,0,0,0,0,0,0,1,0,0,0,0,0,0
94124,Construction,Bayview,OCII,Inclusionary Housing,OCII Inclusionary Rental Program,New Construction,Rental,none_available,35,10,29,0,0,2,3,0,0,0,0,0,0,0,0,0,0,0,0,0,0,0,0,5,0,0,0,0,0,0,0,0,0
94124,Construction,Bayview,OCII,MOHCD 100% Affordable,Multifamily Rental Program,New Construction,Rental,Jonathan Rose Companies,112,110,98,0,0,49,29,23,8,1,18,110,0,0,0,0,0,0,0,4,9,97,0,0,0,0,0,0,0,0,0,0,0
94124,Construction,Bayview,OCII,MOHCD 100% Affordable,Multifamily Rental Program,New Construction,Rental,Mercy Housing CA,73,72,99,0,4,18,31,16,2,1,11,72,0,0,0,0,0,0,0,0,0,72,0,0,0,0,0,0,0,0,0,0,0
94124,Construction,Bayview,OCII,Other Ownership Programs,Limited Equity Program,New Construction,Ownership,Lennar,87,11,13,0,0,3,8,0,0,0,0,11,0,0,0,0,0,0,0,0,0,0,0,0,11,0,0,0,0,0,0,0,0
94124,Construction,Bayview,OCII,Other Ownership Programs,Limited Equity Program,New Construction,Ownership,Sponsor Not Yet Determined,77,9,12,0,3,3,3,0,0,0,0,0,0,0,0,0,0,0,0,0,0,0,0,0,9,0,0,0,0,0,0,0,0
94124,Construction,Bayview,OCII,Other Ownership Programs,Limited Equity Program,New Construction,Ownership,none_available,317,45,14,0,0,21,23,1,0,0,0,45,0,0,0,0,0,0,0,0,0,0,0,0,42,0,0,0,0,3,0,0,0
94124,Pre-Construction,Bayview,MOHCD,Inclusionary Housing,Inclusionary Housing Program,New Construction,Ownership,"J. Abrams Law, PC",122,22,18,0,0,0,0,0,0,0,0,0,0,0,0,0,0,0,0,0,0,0,0,0,0,0,0,0,0,0,0,0,22
94124,Pre-Construction,Bayview,MOHCD,Inclusionary Housing,Inclusionary Housing Program,New Construction,Ownership,Riyad Ghannam,29,5,17,0,1,1,2,1,0,0,0,0,0,0,0,0,0,0,0,0,0,0,0,0,2,0,0,2,0,0,1,0,0
94124,Pre-Construction,Bayview,MOHCD,Inclusionary Housing,Inclusionary Housing Program,New Construction,Rental,Alfred Twu,12,1,8,0,0,0,1,0,0,0,0,0,0,0,0,0,0,0,0,0,0,1,0,0,0,0,0,0,0,0,0,0,0
94124,Pre-Construction,Bayview,MOHCD,Inclusionary Housing,Inclusionary Housing Program,New Construction,Rental,"Leavitt Architecture, Inc.",100,30,30,0,5,12,6,7,0,0,0,0,0,0,0,0,0,0,0,0,0,0,10,0,10,0,0,0,10,0,0,0,0
94124,Pre-Construction,Bayview,OCII,Inclusionary Housing,OCII Inclusionary Rental Program,New Construction,Rental,none_available,190,138,69.5,0,4,7,5,1,0,0,0,0,104,0,0,0,0,0,0,0,0,0,0,121,0,0,0,0,0,0,0,0,0
94124,Pre-Construction,Bayview,OCII,MOHCD 100% Affordable,HOPE SF,New Construction,Rental,McCormack Baron Salazar,167,165,98,0,0,130,0,0,29,6,17,35,130,0,0,0,0,30,0,0,0,160,0,5,0,0,0,0,0,0,0,0,0
94124,Pre-Construction,Bayview,OCII,MOHCD 100% Affordable,Multifamily Rental Program,New Construction,Rental,Multiphase Project Sponsor not Assigned,399,394,98.8,0,0,0,0,0,0,0,0,288,0,0,0,0,0,0,0,0,0,142,0,59,0,0,0,0,0,0,0,0,193
94124,Pre-Construction,Bayview,OCII,MOHCD 100% Affordable,Multifamily Rental Program,New Construction,Rental,San Francisco Housing Development Corporation,176,175,99,0,2,45,56,68,3,1,18,170,0,5,38,0,0,0,0,0,0,0,0,175,0,0,0,0,0,0,0,0,0
94124,Pre-Construction,Bayview,OCII,MOHCD 100% Affordable,Multifamily Rental Program,New Construction,Rental,Tenderloin Neighborhood Development Corporation (TNDC),156,155,99,0,0,49,14,88,3,1,32,150,0,5,35,0,0,0,0,0,0,0,0,155,0,0,0,0,0,0,0,0,0
94124,Pre-Construction,Bayview,OCII,Other Ownership Programs,Limited Equity Program,New Construction,Ownership,none_available,509,46,8.75,0,0,0,0,0,0,0,0,46,0,0,0,0,0,0,0,0,0,0,0,0,0,0,15,0,0,31,0,0,0
94130,Construction,Treasure Island/YBI,MOHCD,Inclusionary Housing,Inclusionary Housing Program,New Construction,Ownership,"Wilson Meany, Stockbridge, and Lennar",148,7,5,0,0,2,4,1,0,0,0,0,0,0,0,0,0,0,0,0,0,0,0,0,2,0,3,0,0,2,0,0,0
94130,Pre-Construction,Treasure Island/YBI,MOHCD,Inclusionary Housing,Inclusionary Housing Program,New Construction,Ownership,Multiphase Project Sponsor not Assigned,243,12,5,0,0,0,0,0,0,0,0,0,0,0,0,0,0,0,0,0,0,0,0,0,0,0,0,0,0,0,0,0,12
94130,Pre-Construction,Treasure Island/YBI,MOHCD,Inclusionary Housing,Inclusionary Housing Program,New Construction,Rental,Multiphase Project Sponsor not Assigned,117,6,5,0,0,0,0,0,0,0,0,0,0,0,0,0,0,0,0,0,0,0,0,0,0,0,0,0,0,0,0,0,6
94130,Pre-Construction,Treasure Island/YBI,MOHCD,MOHCD 100% Affordable,Multifamily Rental Program,New Construction,Rental,Mercy Housing CA,100,93,93,0,0,95,5,0,0,0,0,0,99,0,0,0,33,0,0,0,33,0,0,0,60,0,0,0,0,0,0,6,0
94130,Pre-Construction,Treasure Island/YBI,MOHCD,MOHCD 100% Affordable,Multifamily Rental Program,New Construction,Rental,The John Stewart Company,150,120,80,0,5,45,58,32,10,0,0,149,0,0,0,0,0,0,0,0,0,94,0,0,25,0,0,0,0,0,0,30,0
94131,Pre-Construction,Twin Peaks,MOHCD,Inclusionary Housing,Inclusionary Housing Program,New Construction,Rental,Paramount Estate LLC,13,3,23,0,1,1,1,0,0,0,0,0,0,0,0,0,0,0,0,0,0,0,1,0,1,0,0,0,1,0,0,0,0
94131,Pre-Construction,Twin Peaks,MOHCD,MOHCD 100% Affordable,Multifamily Rental Program,New Construction,Rental,Mercy Housing CA,220,218,99,0,90,129,0,0,0,0,218,0,218,0,0,0,0,0,0,0,0,160,0,58,0,0,0,0,0,0,0,0,0
94132,Pre-Construction,Lakeshore,MOHCD,Inclusionary Housing,Inclusionary Housing Program,New Construction,Rental,Maximus,5735,287,5,0,10,21,11,6,0,0,0,287,0,0,0,0,0,0,0,0,0,0,0,48,0,0,0,0,0,0,0,0,239
94133,Pre-Construction,Chinatown,MOHCD,MOHCD 100% Affordable,Multifamily Rental Program,New Construction,Rental,Chinatown Community Development Center,175,174,99,0,124,50,1,0,0,0,0,0,174,0,44,0,44,0,0,44,0,5,55,70,0,0,0,0,0,0,0,0,0
94133,Pre-Construction,Financial District,MOHCD,Inclusionary Housing,Inclusionary Housing Program,New Construction,Ownership,Ian Birchall,42,5,12,0,0,2,2,1,0,0,0,0,0,0,0,0,0,0,0,0,0,0,0,0,3,0,0,1,0,0,1,0,0
94133,Pre-Construction,North Beach,MOHCD,Inclusionary Housing,Inclusionary Housing Program,New Construction,Rental,Cynthia Wong,17,2,12,0,0,1,1,0,0,0,0,2,0,0,0,0,0,0,0,0,0,0,2,0,0,0,0,0,0,0,0,0,0
94133,Pre-Construction,North Beach,MOHCD,Inclusionary Housing,Inclusionary Housing Program,New Construction,Rental,Elevation Architects,56,10,18,10,0,0,0,0,0,0,0,0,0,0,0,0,0,0,0,0,0,0,6,0,2,0,0,0,2,0,0,0,0
94134,Building Rehabilitation (Construction),Excelsior,MOHCD,MOHCD 100% Affordable,Multifamily Rental Program,Rehabilitation,Rental,Bernal Heights Housing Corporation,10,10,100,0,10,0,0,0,0,0,0,9,0,0,0,0,0,0,0,0,0,2,0,8,0,0,0,0,0,0,0,0,0
94134,Construction,Visitacion Valley,MOHCD,MOHCD 100% Affordable,HOPE SF,New Construction,Rental,Mercy Housing CA,89,88,99,0,0,14,42,23,9,0,14,0,0,0,0,0,0,0,0,28,0,44,0,12,4,0,0,0,0,0,0,0,0
94134,Construction,Visitacion Valley,MOHCD,MOHCD 100% Affordable,HOPE SF,New Construction,Rental,Related California,95,94,99,0,0,10,51,21,12,0,15,94,0,0,0,0,0,0,0,29,0,49,0,12,0,0,0,0,0,0,0,0,4
94134,Pre-Construction,Bayview,MOHCD,Inclusionary Housing,Inclusionary Housing Program,New Construction,Ownership,Ocean Landing LLC,585,72,12,0,0,43,20,9,0,0,0,72,0,0,0,0,0,0,0,0,0,0,0,0,0,72,0,0,0,0,0,0,0
94134,Pre-Construction,Visitacion Valley,MOHCD,Inclusionary Housing,Inclusionary Housing Program,New Construction,Rental,Multiphase Project Sponsor not Assigned,1679,168,10,0,0,0,0,0,0,0,0,168,0,0,0,0,0,0,0,0,0,0,0,0,0,0,0,0,0,0,0,0,168
94158,Pre-Construction,South of Market,OCII,MOHCD 100% Affordable,Multifamily Rental Program,New Construction,Rental,Curtis Development,165,164,99,0,0,0,0,0,0,0,0,164,0,0,0,0,0,0,0,0,0,0,0,164,0,0,0,0,0,0,0,0,0
94158,Pre-Construction,South of Market,OCII,MOHCD 100% Affordable,Multifamily Rental Program,New Construction,Rental,Multiphase Project Sponsor not Assigned,318,316,99,0,0,0,0,0,0,0,0,144,0,0,0,0,0,0,0,0,0,0,0,0,0,0,0,0,0,0,0,0,316
